"ASSETNAME","INSTANCENAME","CATALOGID","SOFTWARE","swname","EDITION","MANUFACTURER","PRODUCTFAMILY","PRODUCTCLASS","PRODUCTTYPE","ENVIRONMENT","STATUS","SUBSTATUS","INSTALLPATH","OSIINVNO","INVNO","LOAD_DT","majorversion","minorversion","VERSIONSERVICEPACK","mapped_software"
"websrv01","Tomcat01","1001","Apache Tomcat","APACHE TOMCAT 9.0","Standard","APACHE","Web Server","APPLICATION SERVER","WEB INSTANCE","DEV","Installed","Active","/opt/tomcat","2001","2001","2024-06-01","9","0","0.0","APACHE TOMCAT 9.0"
"websrv02","Httpd01","1002","Apache HTTP Server","APACHE HTTPD 2.4","Enterprise","APACHE","Web Server","HTTP SERVER","WEB INSTANCE","PROD","Installed","Active","/opt/httpd","3002","2002","2024-06-01","2","4","0.0","APACHE HTTPD 2.4"
"websrv03","WebSphere01","1003","IBM WebSphere","WEBSPHERE 8.5","Standard","IBM","Application Server","APPLICATION SERVER","WEB INSTANCE","UAT","Installed","Active","/opt/websphere","3003","2003","2024-06-01","8","5","0.0","WEBSPHERE 8.5"
"websrv04","Nginx01","1004","Nginx","NGINX 1.18","Standard","NGINX","Web Server","HTTP SERVER","WEB INSTANCE","DEV","Installed","Active","/opt/nginx","3004","2004","2024-06-01","1","18","0.0","NGINX 1.18"
"websrv05","Tomcat02","1005","Apache Tomcat","APACHE TOMCAT 9.0","Standard","APACHE","Web Server","APPLICATION SERVER","WEB INSTANCE","PROD","Installed","Active","/opt/tomcat","3005","2005","2024-06-01","9","0","0.0","APACHE TOMCAT 9.0"
"websrv06","Httpd02","1006","","APACHE HTTPD 2.4","","APACHE","","HTTP SERVER","WEB INSTANCE","DEV","Installed","Active","/opt/httpd","3006","2006","2024-06-01","2","4","","APACHE HTTPD 2.4"
"websrv07","WebSphere02","1007","","WEBSPHERE 8.5","","IBM","","APPLICATION SERVER","WEB INSTANCE","UAT","Installed","Active","/opt/websphere","3007","2007","2024-06-01","8","5","","WEBSPHERE 8.5"
"websrv08","Nginx02","1008","","NGINX 1.18","","NGINX","","HTTP SERVER","WEB INSTANCE","PROD","Installed","Active","/opt/nginx","3008","2008","2024-06-01","1","18","","NGINX 1.18"
"websrv09","Tomcat03","1009","","APACHE TOMCAT 9.0","","APACHE","","APPLICATION SERVER","WEB INSTANCE","DEV","Installed","Active","/opt/tomcat","3009","2009","2024-06-01","9","0","","APACHE TOMCAT 9.0"
"websrv10","Httpd03","1010","","APACHE HTTPD 2.4","","APACHE","","HTTP SERVER","WEB INSTANCE","PROD","Installed","Active","/opt/httpd","3010","2010","2024-06-01","2","4","","APACHE HTTPD 2.4"
"websrv11","WebSphere03","1011","","WEBSPHERE 8.5","","IBM","","APPLICATION SERVER","WEB INSTANCE","UAT","Installed","Active","/opt/websphere","3011","2011","2024-06-01","8","5","","WEBSPHERE 8.5"
"websrv12","Nginx03","1012","","NGINX 1.18","","NGINX","","HTTP SERVER","WEB INSTANCE","DEV","Installed","Active","/opt/nginx","3012","2012","2024-06-01","1","18","","NGINX 1.18"
"websrv13","Tomcat04","1013","","APACHE TOMCAT 9.0","","APACHE","","APPLICATION SERVER","WEB INSTANCE","PROD","Installed","Active","/opt/tomcat","3013","2013","2024-06-01","9","0","","APACHE TOMCAT 9.0"
"websrv14","Httpd04","1014","","APACHE HTTPD 2.4","","APACHE","","HTTP SERVER","WEB INSTANCE","DEV","Installed","Active","/opt/httpd","3014","2014","2024-06-01","2","4","","APACHE HTTPD 2.4"
"websrv15","WebSphere04","1015","","WEBSPHERE 8.5","","IBM","","APPLICATION SERVER","WEB INSTANCE","UAT","Installed","Active","/opt/websphere","3015","2015","2024-06-01","8","5","","WEBSPHERE 8.5"
"websrv16","Nginx04","1016","","NGINX 1.18","","NGINX","","HTTP SERVER","WEB INSTANCE","PROD","Installed","Active","/opt/nginx","3016","2016","2024-06-01","1","18","","NGINX 1.18"
"websrv17","Tomcat05","1017","","APACHE TOMCAT 9.0","","APACHE","","APPLICATION SERVER","WEB INSTANCE","DEV","Installed","Active","/opt/tomcat","3017","2017","2024-06-01","9","0","","APACHE TOMCAT 9.0"
"websrv18","Httpd05","1018","","APACHE HTTPD 2.4","","APACHE","","HTTP SERVER","WEB INSTANCE","PROD","Installed","Active","/opt/httpd","3018","2018","2024-06-01","2","4","","APACHE HTTPD 2.4"
"websrv19","WebSphere05","1019","","WEBSPHERE 8.5","","IBM","","APPLICATION SERVER","WEB INSTANCE","UAT","Installed","Active","/opt/websphere","3019","2019","2024-06-01","8","5","","WEBSPHERE 8.5"
"websrv20","Nginx05","1020","","NGINX 1.18","","NGINX","","HTTP SERVER","WEB INSTANCE","DEV","Installed","Active","/opt/nginx","3020","2020","2024-06-01","1","18","","NGINX 1.18"
"websrv21","Tomcat06","1021","","APACHE TOMCAT 9.0","","APACHE","","APPLICATION SERVER","WEB INSTANCE","PROD","Installed","Active","/opt/tomcat","3021","2021","2024-06-01","9","0","","APACHE TOMCAT 9.0"
"websrv22","Httpd06","1022","","APACHE HTTPD 2.4","","APACHE","","HTTP SERVER","WEB INSTANCE","DEV","Installed","Active","/opt/httpd","3022","2022","2024-06-01","2","4","","APACHE HTTPD 2.4"
"websrv23","WebSphere06","1023","","WEBSPHERE 8.5","","IBM","","APPLICATION SERVER","WEB INSTANCE","UAT","Installed","Active","/opt/websphere","3023","2023","2024-06-01","8","5","","WEBSPHERE 8.5"
"websrv24","Nginx06","1024","","NGINX 1.18","","NGINX","","HTTP SERVER","WEB INSTANCE","PROD","Installed","Active","/opt/nginx","3024","2024","2024-06-01","1","18","","NGINX 1.18"
"websrv25","Tomcat07","1025","","APACHE TOMCAT 9.0","","APACHE","","APPLICATION SERVER","WEB INSTANCE","DEV","Installed","Active","/opt/tomcat","3025","2025","2024-06-01","9","0","","APACHE TOMCAT 9.0"
"websrv26","Httpd07","1026","","APACHE HTTPD 2.4","","APACHE","","HTTP SERVER","WEB INSTANCE","PROD","Installed","Active","/opt/httpd","3026","2026","2024-06-01","2","4","","APACHE HTTPD 2.4"
"websrv27","WebSphere07","1027","","WEBSPHERE 8.5","","IBM","","APPLICATION SERVER","WEB INSTANCE","UAT","Installed","Active","/opt/websphere","3027","2027","2024-06-01","8","5","","WEBSPHERE 8.5"
"websrv28","Nginx07","1028","","NGINX 1.18","","NGINX","","HTTP SERVER","WEB INSTANCE","DEV","Installed","Active","/opt/nginx","3028","2028","2024-06-01","1","18","","NGINX 1.18"
"websrv29","Tomcat08","1029","","APACHE TOMCAT 9.0","","APACHE","","APPLICATION SERVER","WEB INSTANCE","PROD","Installed","Active","/opt/tomcat","3029","2029","2024-06-01","9","0","","APACHE TOMCAT 9.0"
"websrv30","Httpd08","1030","","APACHE HTTPD 2.4","","APACHE","","HTTP SERVER","WEB INSTANCE","DEV","Installed","Active","/opt/httpd","3030","2030","2024-06-01","2","4","","APACHE HTTPD 2.4"
"websrv31","WebSphere08","1031","","WEBSPHERE 8.5","","IBM","","APPLICATION SERVER","WEB INSTANCE","UAT","Installed","Active","/opt/websphere","3031","2031","2024-06-01","8","5","","WEBSPHERE 8.5"
"websrv32","Nginx08","1032","","NGINX 1.18","","NGINX","","HTTP SERVER","WEB INSTANCE","PROD","Installed","Active","/opt/nginx","3032","2032","2024-06-01","1","18","","NGINX 1.18"
"websrv33","Tomcat09","1033","","APACHE TOMCAT 9.0","","APACHE","","APPLICATION SERVER","WEB INSTANCE","DEV","Installed","Active","/opt/tomcat","3033","2033","2024-06-01","9","0","","APACHE TOMCAT 9.0"
"websrv34","Httpd09","1034","","APACHE HTTPD 2.4","","APACHE","","HTTP SERVER","WEB INSTANCE","PROD","Installed","Active","/opt/httpd","3034","2034","2024-06-01","2","4","","APACHE HTTPD 2.4"
"websrv35","WebSphere09","1035","","WEBSPHERE 8.5","","IBM","","APPLICATION SERVER","WEB INSTANCE","UAT","Installed","Active","/opt/websphere","3035","2035","2024-06-01","8","5","","WEBSPHERE 8.5"
"websrv36","Nginx09","1036","","NGINX 1.18","","NGINX","","HTTP SERVER","WEB INSTANCE","DEV","Installed","Active","/opt/nginx","3036","2036","2024-06-01","1","18","","NGINX 1.18"
"websrv37","Tomcat10","1037","","APACHE TOMCAT 9.0","","APACHE","","APPLICATION SERVER","WEB INSTANCE","PROD","Installed","Active","/opt/tomcat","3037","2037","2024-06-01","9","0","","APACHE TOMCAT 9.0"
"websrv38","Httpd10","1038","","APACHE HTTPD 2.4","","APACHE","","HTTP SERVER","WEB INSTANCE","DEV","Installed","Active","/opt/httpd","3038","2038","2024-06-01","2","4","","APACHE HTTPD 2.4"
"websrv39","WebSphere10","1039","","WEBSPHERE 8.5","","IBM","","APPLICATION SERVER","WEB INSTANCE","UAT","Installed","Active","/opt/websphere","3039","2039","2024-06-01","8","5","","WEBSPHERE 8.5"
"websrv40","Nginx10","1040","","NGINX 1.18","","NGINX","","HTTP SERVER","WEB INSTANCE","PROD","Installed","Active","/opt/nginx","3040","2040","2024-06-01","1","18","","NGINX 1.18"
"websrv41","Tomcat11","1041","","APACHE TOMCAT 9.0","","APACHE","","APPLICATION SERVER","WEB INSTANCE","DEV","Installed","Active","/opt/tomcat","3041","2041","2024-06-01","9","0","","APACHE TOMCAT 9.0"
"websrv42","Httpd11","1042","","APACHE HTTPD 2.4","","APACHE","","HTTP SERVER","WEB INSTANCE","PROD","Installed","Active","/opt/httpd","3042","2042","2024-06-01","2","4","","APACHE HTTPD 2.4"
"websrv43","WebSphere11","1043","","WEBSPHERE 8.5","","IBM","","APPLICATION SERVER","WEB INSTANCE","UAT","Installed","Active","/opt/websphere","3043","2043","2024-06-01","8","5","","WEBSPHERE 8.5"
"websrv44","Nginx11","1044","","NGINX 1.18","","NGINX","","HTTP SERVER","WEB INSTANCE","DEV","Installed","Active","/opt/nginx","3044","2044","2024-06-01","1","18","","NGINX 1.18"
"websrv45","Tomcat12","1045","","APACHE TOMCAT 9.0","","APACHE","","APPLICATION SERVER","WEB INSTANCE","PROD","Installed","Active","/opt/tomcat","3045","2045","2024-06-01","9","0","","APACHE TOMCAT 9.0"
"websrv46","Httpd12","1046","","APACHE HTTPD 2.4","","APACHE","","HTTP SERVER","WEB INSTANCE","DEV","Installed","Active","/opt/httpd","3046","2046","2024-06-01","2","4","","APACHE HTTPD 2.4"
"websrv47","WebSphere12","1047","","WEBSPHERE 8.5","","IBM","","APPLICATION SERVER","WEB INSTANCE","UAT","Installed","Active","/opt/websphere","3047","2047","2024-06-01","8","5","","WEBSPHERE 8.5"
"websrv48","Nginx12","1048","","NGINX 1.18","","NGINX","","HTTP SERVER","WEB INSTANCE","PROD","Installed","Active","/opt/nginx","3048","2048","2024-06-01","1","18","","NGINX 1.18"
"websrv49","Tomcat13","1049","","APACHE TOMCAT 9.0","","APACHE","","APPLICATION SERVER","WEB INSTANCE","DEV","Installed","Active","/opt/tomcat","3049","2049","2024-06-01","9","0","","APACHE TOMCAT 9.0"
"websrv50","Httpd13","1050","","APACHE HTTPD 2.4","","APACHE","","HTTP SERVER","WEB INSTANCE","PROD","Installed","Active","/opt/httpd","3050","2050","2024-06-01","2","4","","APACHE HTTPD 2.4"
