ASSETNAME,CATALOGID,ENVIRONMENT,INSTALLPATH,INSTANCENAME,INVNO,MANUFACTURER,MODEL,PRODUCTCLASS,PRODUCTTYPE,STATUS,SUBSTATUS,SWNAME,ENVIRONMENT_TYPE,SOFTWARE_CATEGORY,STATUS_CONTEXT
websrv01,1001,DEV,/opt/tomcat,Tomcat01,2001,APACHE,APACHE TOMCAT 9.0,APPLICATION SERVER,WEB INSTANCE,Installed,Active,APACHE TOMCAT 9.0,Development,App Server,Installed - Active
websrv02,1002,PROD,/opt/httpd,Httpd01,2002,APACHE,APACHE HTTPD 2.4,HTTP SERVER,WEB INSTANCE,Installed,Active,APACHE HTTPD 2.4,Production,Web Server,Installed - Active
websrv03,1003,UAT,/opt/websphere,WebSphere01,2003,IBM,WEBSPHERE 8.5,APPLICATION SERVER,WEB INSTANCE,Installed,Active,WEBSPHERE 8.5,User Acceptance Testing,App Server,Installed - Active
websrv04,1004,DEV,/opt/nginx,Nginx01,2004,NGINX,NGINX 1.18,HTTP SERVER,WEB INSTANCE,Installed,Active,NGINX 1.18,Development,Web Server,Installed - Active
websrv05,1005,PROD,/opt/tomcat,Tomcat02,2005,APACHE,APACHE TOMCAT 9.0,APPLICATION SERVER,WEB INSTANCE,Installed,Active,APACHE TOMCAT 9.0,Production,App Server,Installed - Active
websrv06,1006,DEV,/opt/httpd,Httpd02,2006,APACHE,APACHE HTTPD 2.4,HTTP SERVER,WEB INSTANCE,Installed,Active,APACHE HTTPD 2.4,Development,Web Server,Installed - Active
websrv07,1007,UAT,/opt/websphere,WebSphere02,2007,IBM,WEBSPHERE 8.5,APPLICATION SERVER,WEB INSTANCE,Installed,Active,WEBSPHERE 8.5,User Acceptance Testing,App Server,Installed - Active
websrv08,1008,PROD,/opt/nginx,Nginx02,2008,NGINX,NGINX 1.18,HTTP SERVER,WEB INSTANCE,Installed,Active,NGINX 1.18,Production,Web Server,Installed - Active
websrv09,1009,DEV,/opt/tomcat,Tomcat03,2009,APACHE,APACHE TOMCAT 9.0,APPLICATION SERVER,WEB INSTANCE,Installed,Active,APACHE TOMCAT 9.0,Development,App Server,Installed - Active
websrv10,1010,PROD,/opt/httpd,Httpd03,2010,APACHE,APACHE HTTPD 2.4,HTTP SERVER,WEB INSTANCE,Installed,Active,APACHE HTTPD 2.4,Production,Web Server,Installed - Active
websrv11,1011,UAT,/opt/websphere,WebSphere03,2011,IBM,WEBSPHERE 8.5,APPLICATION SERVER,WEB INSTANCE,Installed,Active,WEBSPHERE 8.5,User Acceptance Testing,App Server,Installed - Active
websrv12,1012,DEV,/opt/nginx,Nginx03,2012,NGINX,NGINX 1.18,HTTP SERVER,WEB INSTANCE,Installed,Active,NGINX 1.18,Development,Web Server,Installed - Active
websrv13,1013,PROD,/opt/tomcat,Tomcat04,2013,APACHE,APACHE TOMCAT 9.0,APPLICATION SERVER,WEB INSTANCE,Installed,Active,APACHE TOMCAT 9.0,Production,App Server,Installed - Active
websrv14,1014,DEV,/opt/httpd,Httpd04,2014,APACHE,APACHE HTTPD 2.4,HTTP SERVER,WEB INSTANCE,Installed,Active,APACHE HTTPD 2.4,Development,Web Server,Installed - Active
websrv15,1015,UAT,/opt/websphere,WebSphere04,2015,IBM,WEBSPHERE 8.5,APPLICATION SERVER,WEB INSTANCE,Installed,Active,WEBSPHERE 8.5,User Acceptance Testing,App Server,Installed - Active
websrv16,1016,PROD,/opt/nginx,Nginx04,2016,NGINX,NGINX 1.18,HTTP SERVER,WEB INSTANCE,Installed,Active,NGINX 1.18,Production,Web Server,Installed - Active
websrv17,1017,DEV,/opt/tomcat,Tomcat05,2017,APACHE,APACHE TOMCAT 9.0,APPLICATION SERVER,WEB INSTANCE,Installed,Active,APACHE TOMCAT 9.0,Development,App Server,Installed - Active
websrv18,1018,PROD,/opt/httpd,Httpd05,2018,APACHE,APACHE HTTPD 2.4,HTTP SERVER,WEB INSTANCE,Installed,Active,APACHE HTTPD 2.4,Production,Web Server,Installed - Active
websrv19,1019,UAT,/opt/websphere,WebSphere05,2019,IBM,WEBSPHERE 8.5,APPLICATION SERVER,WEB INSTANCE,Installed,Active,WEBSPHERE 8.5,User Acceptance Testing,App Server,Installed - Active
websrv20,1020,DEV,/opt/nginx,Nginx05,2020,NGINX,NGINX 1.18,HTTP SERVER,WEB INSTANCE,Installed,Active,NGINX 1.18,Development,Web Server,Installed - Active
websrv21,1021,PROD,/opt/tomcat,Tomcat06,2021,APACHE,APACHE TOMCAT 9.0,APPLICATION SERVER,WEB INSTANCE,Installed,Active,APACHE TOMCAT 9.0,Production,App Server,Installed - Active
websrv22,1022,DEV,/opt/httpd,Httpd06,2022,APACHE,APACHE HTTPD 2.4,HTTP SERVER,WEB INSTANCE,Installed,Active,APACHE HTTPD 2.4,Development,Web Server,Installed - Active
websrv23,1023,UAT,/opt/websphere,WebSphere06,2023,IBM,WEBSPHERE 8.5,APPLICATION SERVER,WEB INSTANCE,Installed,Active,WEBSPHERE 8.5,User Acceptance Testing,App Server,Installed - Active
websrv24,1024,PROD,/opt/nginx,Nginx06,2024,NGINX,NGINX 1.18,HTTP SERVER,WEB INSTANCE,Installed,Active,NGINX 1.18,Production,Web Server,Installed - Active
websrv25,1025,DEV,/opt/tomcat,Tomcat07,2025,APACHE,APACHE TOMCAT 9.0,APPLICATION SERVER,WEB INSTANCE,Installed,Active,APACHE TOMCAT 9.0,Development,App Server,Installed - Active
websrv26,1026,PROD,/opt/httpd,Httpd07,2026,APACHE,APACHE HTTPD 2.4,HTTP SERVER,WEB INSTANCE,Installed,Active,APACHE HTTPD 2.4,Production,Web Server,Installed - Active
websrv27,1027,UAT,/opt/websphere,WebSphere07,2027,IBM,WEBSPHERE 8.5,APPLICATION SERVER,WEB INSTANCE,Installed,Active,WEBSPHERE 8.5,User Acceptance Testing,App Server,Installed - Active
websrv28,1028,DEV,/opt/nginx,Nginx07,2028,NGINX,NGINX 1.18,HTTP SERVER,WEB INSTANCE,Installed,Active,NGINX 1.18,Development,Web Server,Installed - Active
websrv29,1029,PROD,/opt/tomcat,Tomcat08,2029,APACHE,APACHE TOMCAT 9.0,APPLICATION SERVER,WEB INSTANCE,Installed,Active,APACHE TOMCAT 9.0,Production,App Server,Installed - Active
websrv30,1030,DEV,/opt/httpd,Httpd08,2030,APACHE,APACHE HTTPD 2.4,HTTP SERVER,WEB INSTANCE,Installed,Active,APACHE HTTPD 2.4,Development,Web Server,Installed - Active
websrv31,1031,UAT,/opt/websphere,WebSphere08,2031,IBM,WEBSPHERE 8.5,APPLICATION SERVER,WEB INSTANCE,Installed,Active,WEBSPHERE 8.5,User Acceptance Testing,App Server,Installed - Active
websrv32,1032,PROD,/opt/nginx,Nginx08,2032,NGINX,NGINX 1.18,HTTP SERVER,WEB INSTANCE,Installed,Active,NGINX 1.18,Production,Web Server,Installed - Active
websrv33,1033,DEV,/opt/tomcat,Tomcat09,2033,APACHE,APACHE TOMCAT 9.0,APPLICATION SERVER,WEB INSTANCE,Installed,Active,APACHE TOMCAT 9.0,Development,App Server,Installed - Active
websrv34,1034,PROD,/opt/httpd,Httpd09,2034,APACHE,APACHE HTTPD 2.4,HTTP SERVER,WEB INSTANCE,Installed,Active,APACHE HTTPD 2.4,Production,Web Server,Installed - Active
websrv35,1035,UAT,/opt/websphere,WebSphere09,2035,IBM,WEBSPHERE 8.5,APPLICATION SERVER,WEB INSTANCE,Installed,Active,WEBSPHERE 8.5,User Acceptance Testing,App Server,Installed - Active
websrv36,1036,DEV,/opt/nginx,Nginx09,2036,NGINX,NGINX 1.18,HTTP SERVER,WEB INSTANCE,Installed,Active,NGINX 1.18,Development,Web Server,Installed - Active
websrv37,1037,PROD,/opt/tomcat,Tomcat10,2037,APACHE,APACHE TOMCAT 9.0,APPLICATION SERVER,WEB INSTANCE,Installed,Active,APACHE TOMCAT 9.0,Production,App Server,Installed - Active
websrv38,1038,DEV,/opt/httpd,Httpd10,2038,APACHE,APACHE HTTPD 2.4,HTTP SERVER,WEB INSTANCE,Installed,Active,APACHE HTTPD 2.4,Development,Web Server,Installed - Active
websrv39,1039,UAT,/opt/websphere,WebSphere10,2039,IBM,WEBSPHERE 8.5,APPLICATION SERVER,WEB INSTANCE,Installed,Active,WEBSPHERE 8.5,User Acceptance Testing,App Server,Installed - Active
websrv40,1040,PROD,/opt/nginx,Nginx10,2040,NGINX,NGINX 1.18,HTTP SERVER,WEB INSTANCE,Installed,Active,NGINX 1.18,Production,Web Server,Installed - Active
websrv41,1041,DEV,/opt/tomcat,Tomcat11,2041,APACHE,APACHE TOMCAT 9.0,APPLICATION SERVER,WEB INSTANCE,Installed,Active,APACHE TOMCAT 9.0,Development,App Server,Installed - Active
websrv42,1042,PROD,/opt/httpd,Httpd11,2042,APACHE,APACHE HTTPD 2.4,HTTP SERVER,WEB INSTANCE,Installed,Active,APACHE HTTPD 2.4,Production,Web Server,Installed - Active
websrv43,1043,UAT,/opt/websphere,WebSphere11,2043,IBM,WEBSPHERE 8.5,APPLICATION SERVER,WEB INSTANCE,Installed,Active,WEBSPHERE 8.5,User Acceptance Testing,App Server,Installed - Active
websrv44,1044,DEV,/opt/nginx,Nginx11,2044,NGINX,NGINX 1.18,HTTP SERVER,WEB INSTANCE,Installed,Active,NGINX 1.18,Development,Web Server,Installed - Active
websrv45,1045,PROD,/opt/tomcat,Tomcat12,2045,APACHE,APACHE TOMCAT 9.0,APPLICATION SERVER,WEB INSTANCE,Installed,Active,APACHE TOMCAT 9.0,Production,App Server,Installed - Active
websrv46,1046,DEV,/opt/httpd,Httpd12,2046,APACHE,APACHE HTTPD 2.4,HTTP SERVER,WEB INSTANCE,Installed,Active,APACHE HTTPD 2.4,Development,Web Server,Installed - Active
websrv47,1047,UAT,/opt/websphere,WebSphere12,2047,IBM,WEBSPHERE 8.5,APPLICATION SERVER,WEB INSTANCE,Installed,Active,WEBSPHERE 8.5,User Acceptance Testing,App Server,Installed - Active
websrv48,1048,PROD,/opt/nginx,Nginx12,2048,NGINX,NGINX 1.18,HTTP SERVER,WEB INSTANCE,Installed,Active,NGINX 1.18,Production,Web Server,Installed - Active
websrv49,1049,DEV,/opt/tomcat,Tomcat13,2049,APACHE,APACHE TOMCAT 9.0,APPLICATION SERVER,WEB INSTANCE,Installed,Active,APACHE TOMCAT 9.0,Development,App Server,Installed - Active
websrv50,1050,PROD,/opt/httpd,Httpd13,2050,APACHE,APACHE HTTPD 2.4,HTTP SERVER,WEB INSTANCE,Installed,Active,APACHE HTTPD 2.4,Production,Web Server,Installed - Active
